Time,Video title,Video link,Post time,Total likes,Total comments,Total shares,Total views
February 15,Comment if you can’t speak English 👍,https://www.tiktok.com/@humbletoker/video/7513079996349484319,June 7,9940,382,37646,379880
February 15,COMMENT IF YOU GOT A #GOODNIGHT !! Did anyone get it on super specific??,https://www.tiktok.com/@humbletoker/video/7520082772107595063,June 25,9275,483,18928,276957
February 15,Comment to receive your goodnight ✌️,https://www.tiktok.com/@humbletoker/video/7516369352426474798,June 15,8241,1697,24082,272820
February 15,,https://www.tiktok.com/@humbletoker/video/7517866483989417271,June 19,5882,987,12904,219564
February 15,Did anyone win from Super Specific? 🤔 #goodnight ,https://www.tiktok.com/@humbletoker/video/7518856355789212983,June 22,4797,805,17880,211013
February 15,Goodnight to everyone except… Did anyone get a gn on super specific? 🤔,https://www.tiktok.com/@humbletoker/video/7518971343669447991,June 22,4009,201,18867,203138
February 15,🚨Everyone who follows me before 10k gets a special Goodnight! 🚨,https://www.tiktok.com/@humbletoker/video/7516742370973519117,June 16,3909,683,18202,190324
February 15,Do they still teach what a mammal is in schools? 🤔 #goodnight,https://www.tiktok.com/@humbletoker/video/7518596851226922295,June 21,3366,255,8377,158644
February 15,Comment if you got a goodnight tn 😄,https://www.tiktok.com/@humbletoker/video/7517115051220700471,June 17,1431,260,6127,79493
February 15,Goodnight to everyone except… Comment if I owe you a goodnight!! 😴 ,https://www.tiktok.com/@humbletoker/video/7519342755303230775,June 23,908,69,4835,50998
February 15,Comment if you got a goodnight 😁,https://www.tiktok.com/@humbletoker/video/7513759914842688814,June 8,374,31,1440,23029
February 15,Comment if you got a Goodnight! ✌️,https://www.tiktok.com/@humbletoker/video/7513387289075174702,June 7,241,32,1628,20710
February 15,First good morning vid instead of goodnight ☀️☀️ Have a great day everyone 👍,https://www.tiktok.com/@humbletoker/video/7518722677914225933,June 22,327,24,1088,18692
February 15,Anyone know the last slide? 🤔,https://www.tiktok.com/@humbletoker/video/7517490052704783629,June 18,381,199,1228,18664
February 15,Did anyone get it on super specific? 😳 #goodnight,https://www.tiktok.com/@humbletoker/video/7521564052322012471,June 29,141,38,913,11717
