video_id,video_url,title,upload_date,view_count,like_count,comment_count,repost_count
7594277449698004238,https://www.tiktok.com/@humbletoker/video/7594277449698004238,"Goodnight to everyone EXCEPT challange, level hard. Follow for more. ...",20260112,656,28,3,0
7593500470837087501,https://www.tiktok.com/@humbletoker/video/7593500470837087501,TikTok video #7593500470837087501,20260109,320,18,3,0
7592046457117625613,https://www.tiktok.com/@humbletoker/video/7592046457117625613,This may be easier than 2% actually… goodnight to everyone who follow...,20260106,1339,53,9,63
7542733065643232526,https://www.tiktok.com/@humbletoker/video/7542733065643232526,Yeezy SpongeBob hamburger XQC. Comment if you got a goodnight 😴 ,20250826,1965,68,11,72
7542350925122293006,https://www.tiktok.com/@humbletoker/video/7542350925122293006,"Goodnight to everyone except… Labubu, Africa, Sydney Sweeney. I’m goi...",20250825,8285,137,31,343
7541972554903309598,https://www.tiktok.com/@humbletoker/video/7541972554903309598,"Goodnight to everyone except… this is a hard one, comment if you got ...",20250824,1762,55,9,68
7536764777184496951,https://www.tiktok.com/@humbletoker/video/7536764777184496951,Goodnight to everyone except… this one’s a little easier than usual. ...,20250810,3172,86,15,146
7535666289830890807,https://www.tiktok.com/@humbletoker/video/7535666289830890807,Did anyone get super specific?!😄 #goodnight ,20250807,1222,36,9,31
7531214869471759647,https://www.tiktok.com/@humbletoker/video/7531214869471759647,If anyone gets the last slide you get a double goodnight 😆,20250726,3578,75,6,203
7529733595515129102,https://www.tiktok.com/@humbletoker/video/7529733595515129102,The last slides gonna get a lot of ppl out 😂 #Goodnight to everyone e...,20250722,2699,88,11,133
7529357311370939703,https://www.tiktok.com/@humbletoker/video/7529357311370939703,Did anyone get super specific? 😄 #goodnight ,20250721,1057,55,7,58
7528949556499844365,https://www.tiktok.com/@humbletoker/video/7528949556499844365,Do you guys believe in any of the conspiracies? 😭 #Goodnight #Coldpla...,20250720,3473,176,12,29
7527514089329790222,https://www.tiktok.com/@humbletoker/video/7527514089329790222,Anyone know the last one? 😁 should be easy… #goodnight ,20250716,2834,89,24,174
7527108845336792375,https://www.tiktok.com/@humbletoker/video/7527108845336792375,Comment if I owe you a #goodnight !! 😆,20250715,1725,62,11,81
7526766564419341623,https://www.tiktok.com/@humbletoker/video/7526766564419341623,Anyone get super specific? 😂💋✋ #goodnight ,20250714,1152,53,16,35
7526044374434729230,https://www.tiktok.com/@humbletoker/video/7526044374434729230,Did anyone get super specific? 😆 comment if I owe you a #GOODNIGHT ,20250712,6733,115,12,484
7525640287578787103,https://www.tiktok.com/@humbletoker/video/7525640287578787103,If you got out on the last slide… 😅 I’m sorry #goodnight ,20250711,6238,90,15,372
7522326178892385550,https://www.tiktok.com/@humbletoker/video/7522326178892385550,Anyone know the Dax Flame one? 😆 #goodnight,20250702,3034,84,19,154
7521849117081963790,https://www.tiktok.com/@humbletoker/video/7521849117081963790,Comment if you got a goodnight! #goodnight ,20250630,1779,69,12,50
7521564052322012471,https://www.tiktok.com/@humbletoker/video/7521564052322012471,Did anyone get it on super specific? 😳 #goodnight,20250630,11700,141,38,913
7521167251282726158,https://www.tiktok.com/@humbletoker/video/7521167251282726158,Did anyone get it on super specific?! 😳 #goodnight,20250629,3750,121,18,228
7520082772107595063,https://www.tiktok.com/@humbletoker/video/7520082772107595063,COMMENT IF YOU GOT A #GOODNIGHT !! Did anyone get it on super specific??,20250626,277000,9275,480,18900
7519342755303230775,https://www.tiktok.com/@humbletoker/video/7519342755303230775,Goodnight to everyone except… Comment if I owe you a goodnight!! 😴 ,20250624,51000,908,69,4835
7519127540263357751,https://www.tiktok.com/@humbletoker/video/7519127540263357751,Comment if you got a good morning :) 🌞 #goodnight ,20250623,1858,55,14,38
7518971343669447991,https://www.tiktok.com/@humbletoker/video/7518971343669447991,Goodnight to everyone except… Did anyone get a gn on super specific? 🤔,20250623,203100,4009,201,18900
7518856355789212983,https://www.tiktok.com/@humbletoker/video/7518856355789212983,Did anyone win from Super Specific? 🤔 #goodnight ,20250622,211000,4797,804,17900
7518722677914225933,https://www.tiktok.com/@humbletoker/video/7518722677914225933,First good morning vid instead of goodnight ☀️☀️ Have a great day eve...,20250622,18700,327,24,1088
7518596851226922295,https://www.tiktok.com/@humbletoker/video/7518596851226922295,Do they still teach what a mammal is in schools? 🤔 #goodnight,20250622,158600,3366,256,8377
7518237738047458573,https://www.tiktok.com/@humbletoker/video/7518237738047458573,What theme vid should I do next? 🤔 ,20250621,3090,90,39,58
7517866483989417271,https://www.tiktok.com/@humbletoker/video/7517866483989417271,TikTok video #7517866483989417271,20250620,219600,5882,987,12900
7517490052704783629,https://www.tiktok.com/@humbletoker/video/7517490052704783629,Anyone know the last slide? 🤔,20250619,18700,381,200,1228
7517115051220700471,https://www.tiktok.com/@humbletoker/video/7517115051220700471,Comment if you got a goodnight tn 😄,20250618,79500,1431,259,6127
7516742370973519117,https://www.tiktok.com/@humbletoker/video/7516742370973519117,🚨Everyone who follows me before 10k gets a special Goodnight! 🚨,20250617,190300,3909,683,18200
7516369352426474798,https://www.tiktok.com/@humbletoker/video/7516369352426474798,Comment to receive your goodnight ✌️,20250616,272800,8241,1703,24100
7514903961506286878,https://www.tiktok.com/@humbletoker/video/7514903961506286878,Comment if you know the actors 😆,20250612,1393,43,11,21
7514539097969446186,https://www.tiktok.com/@humbletoker/video/7514539097969446186,Did y’all ever build a dirt hut in Minecraft? 😆,20250611,3692,86,27,164
7514160603687128366,https://www.tiktok.com/@humbletoker/video/7514160603687128366,Anyone know the TV show from the restaurant slide? 😆,20250610,2482,79,21,90
7513759914842688814,https://www.tiktok.com/@humbletoker/video/7513759914842688814,Comment if you got a goodnight 😁,20250609,23000,374,31,1440
7513425353528921387,https://www.tiktok.com/@humbletoker/video/7513425353528921387,Comment if you got a goodnight 😁,20250608,5311,98,18,231
7513387289075174702,https://www.tiktok.com/@humbletoker/video/7513387289075174702,Comment if you got a Goodnight! ✌️,20250608,20700,241,32,1628
7513079996349484319,https://www.tiktok.com/@humbletoker/video/7513079996349484319,Comment if you can’t speak English 👍,20250607,379900,9940,383,37600
7512290270671670571,https://www.tiktok.com/@humbletoker/video/7512290270671670571,Comment if you got a goodnight 😁,20250605,1520,51,10,2
7511919761123478827,https://www.tiktok.com/@humbletoker/video/7511919761123478827,Did you get a goodnight? 🤔,20250604,1478,51,8,1
7511165429734427950,https://www.tiktok.com/@humbletoker/video/7511165429734427950,Comment the most unique thing about your self! #hoodbeast #goodnight,20250602,809,29,4,0
7510840228563651886,https://www.tiktok.com/@humbletoker/video/7510840228563651886,Comment if you got it! ,20250601,691,21,0,1
7510432081311272222,https://www.tiktok.com/@humbletoker/video/7510432081311272222,Comment if you got a goodnight ,20250531,827,33,13,1
7510421462252293406,https://www.tiktok.com/@humbletoker/video/7510421462252293406,"For those of you who don’t get it, the last country is Australia whic...",20250531,743,21,3,0
7510087154660314398,https://www.tiktok.com/@humbletoker/video/7510087154660314398,Is the sound quality good in this video? ,20250530,593,25,3,0
7509719616160042286,https://www.tiktok.com/@humbletoker/video/7509719616160042286,I don’t like being the bad guy anymore ,20250529,741,30,3,0
7509317257672101166,https://www.tiktok.com/@humbletoker/video/7509317257672101166,Follow for pt 2,20250528,443,21,7,0
7508572618233105707,https://www.tiktok.com/@humbletoker/video/7508572618233105707,Follow for pt 3 ,20250526,1169,44,9,1
7508222226462854446,https://www.tiktok.com/@humbletoker/video/7508222226462854446,Follow for part 2 ,20250525,540,21,3,0
